n,direccion,status,http_code,elapsed_s,error
1,AV. CORDOBA 1000,ERROR,,,"ReadTimeout(ReadTimeoutError(""HTTPConnectionPool(host='127.0.0.1', port=8000): Read timed out. (read timeout=30)""))"
2,SAN JOSE DE CALASANZ 725,OK,200.0,27.7922842502594,
3,ANDALGALA 2144,OK,200.0,9.294801473617554,
4,POLA 2545,OK,200.0,10.943820714950562,
5,EPECUEN 4956,OK,200.0,18.381168842315674,
6,ASUNCION 5058,OK,200.0,14.189295291900635,
7,DOCTOR FLORENTINO AMEGHINO 815,OK,200.0,11.594459295272827,
8,IBERA 2321,OK,200.0,5.398547410964966,
9,MOLDES 3591,OK,200.0,26.902971982955933,
10,MEXICO 2131,OK,200.0,26.42335557937622,
11,BIARRITZ 2071,OK,200.0,4.740884304046631,
12,AV. CALLAO 796,OK,200.0,7.075485944747925,
13,ALMIRANTE F. J. SEGUI 1959,OK,200.0,4.926520109176636,
14,AVALOS 1276,OK,200.0,6.591719627380371,
15,MANUELA PEDRAZA 1878,OK,200.0,10.673399209976196,
16,VIEL 1898,OK,200.0,5.703821420669556,
17,TENIENTE GENERAL JUAN DOMINGO PERON 1493,OK,200.0,6.01982307434082,
18,RENQUE CURA 1736,OK,200.0,6.0889198780059814,
19,SAN NICOLAS 1136,OK,200.0,5.030809164047241,
20,MONTAÑESES 2891,OK,200.0,5.24743914604187,
21,CAÑADA DE GOMEZ 4113,OK,200.0,5.567842245101929,
22,GRAL. FRUCTUOSO RIVERA 881,OK,200.0,6.182068824768066,
23,CAMARGO 928,OK,200.0,7.426358222961426,
24,COSQUIN 4062,OK,200.0,5.478928565979004,
25,GAVILAN 4601,OK,200.0,5.363829135894775,
26,GRAL. EUGENIO GARZON 3868,OK,200.0,5.440486431121826,
27,LAS FLORES 56,OK,200.0,5.336589813232422,
28,AV. CONGRESO 4430,OK,200.0,6.551828622817993,
29,MIÑONES 2008,OK,200.0,5.147040605545044,
30,AREVALO 2268,OK,200.0,5.264891624450684,
31,MACHAIN 3862,OK,200.0,4.527657985687256,
32,ZUVIRIA 2725,OK,200.0,6.144178152084351,
33,AGRELO 3693,OK,200.0,6.130500555038452,
34,CAÑADA DE GOMEZ 1696,OK,200.0,4.40781569480896,
35,MAZA 944,OK,200.0,6.049699544906616,
36,TREINTA Y TRES ORIENTALES 1090,OK,200.0,4.667250871658325,
37,HABANA 2555,OK,200.0,5.223361968994141,
38,TEODORO VILARDEBO 2664,OK,200.0,4.664964199066162,
39,BELEN 783,OK,200.0,6.275798559188843,
40,ERNESTO A. BAVIO 2551,OK,200.0,4.490967750549316,
41,LISANDRO DE LA TORRE 3682,OK,200.0,6.79558253288269,
42,NUÑEZ 3119,OK,200.0,4.988588333129883,
43,GARCIA DEL RIO 4466,OK,200.0,4.542239427566528,
44,SAN PEDRO 4099,OK,200.0,4.184551954269409,
45,YATAY 503,OK,200.0,6.401178598403931,
46,CERETTI 3051,OK,200.0,5.273115634918213,
47,LLAVALLOL 4330,OK,200.0,4.822593688964844,
48,3 DE FEBRERO 2147,OK,200.0,5.950458526611328,
49,GENERAL JOSE GERVASIO ARTIGAS 3837,OK,200.0,4.55136775970459,
50,FERRARI 448,OK,200.0,6.093282699584961,
51,CARLOS ANTONIO LOPEZ 2952,OK,200.0,4.9421141147613525,
52,CAMARONES 2462,OK,200.0,4.99308443069458,
53,RUIZ HUIDOBRO 1918,OK,200.0,4.1391260623931885,
54,BOGOTA 1795,OK,200.0,6.194700002670288,
55,PEDRO CALDERON DE LA BARCA 1445,OK,200.0,5.28662371635437,
56,COCHABAMBA 3507,OK,200.0,4.517072439193726,
57,LA FRONDA 1544,OK,200.0,4.530974864959717,
58,VIDAL 1895,OK,200.0,5.768093109130859,
59,PIEDRA BUENA 4814,OK,200.0,4.82941746711731,
60,LAVOISIER 3113,OK,200.0,4.429176092147827,
61,TTE. MANUEL FELIX ORIGONE 1008,OK,200.0,4.4762208461761475,
62,TRONADOR 4510,OK,200.0,4.245877504348755,
63,BAIGORRIA 2796,OK,200.0,5.232062339782715,
64,DOBLAS 26,OK,200.0,4.583439588546753,
65,BASILIO HALL 4044,OK,200.0,4.253487825393677,
66,SAN JOSE DE CALASANZ 897,OK,200.0,5.647797107696533,
67,MADARIAGA 6816,OK,200.0,4.804296255111694,
68,IRIGOYEN 1745,OK,200.0,7.520313024520874,
69,RUMANIA 2712,OK,200.0,6.036072492599487,
70,AV. BRASIL 3166,OK,200.0,6.916710615158081,
71,PINZON 369,OK,200.0,5.886516809463501,
72,GUALEGUAYCHU 4196,OK,200.0,4.905121803283691,
73,DEL BARCO CENTENERA 2406,OK,200.0,4.004328727722168,
74,LASCANO 5201,OK,200.0,5.308955430984497,
75,EL PAMPERO 2677,OK,200.0,5.005079507827759,
76,ZELARRAYAN 5335,OK,200.0,6.040883541107178,
77,LA CAUTIVA 395,OK,200.0,5.099027872085571,
78,MARCELO GAMBOA 6285,OK,200.0,5.62627649307251,
79,SENDERO SIN NOMBRE OFICIAL 5261,ERROR,404.0,0.3138577938079834,HTTP 404
80,ROSARIO 701,OK,200.0,7.317599534988403,
81,JOAQUIN V. GONZALEZ 2298,OK,200.0,7.062342882156372,
82,PARAGUAY 3671,OK,200.0,5.644152402877808,
83,CAYASTA 3365,OK,200.0,4.448014497756958,
84,RIO NEGRO 6440,OK,200.0,6.782663583755493,
85,AV. ALVAREZ JONTE 5425,OK,200.0,5.550441265106201,
86,AGUSTIN DE VEDIA 2716,OK,200.0,4.553485631942749,
87,AMENABAR 2260,OK,200.0,6.694444417953491,
88,OLIDEN 1844,OK,200.0,8.4300377368927,
89,BRANDSEN 2737,OK,200.0,7.732866287231445,
90,CAMPANA 3381,OK,200.0,4.3440539836883545,
91,BALBASTRO 2264,OK,200.0,14.955338954925537,
92,NUÑEZ 3365,OK,200.0,6.263609886169434,
93,ANTOFAGASTA 5235,OK,200.0,5.173546075820923,
94,BELGRANO 4227,OK,200.0,8.977380514144897,
95,COLOMBRES 653,OK,200.0,6.960311412811279,
96,ALLENDE 4519,OK,200.0,4.739829778671265,
97,CONCORDIA 5231,OK,200.0,4.8983259201049805,
98,PIERES 357,OK,200.0,4.6917970180511475,
99,VEDIA 4511,OK,200.0,4.464393138885498,
100,JOSE CUBAS 2675,OK,200.0,4.867884397506714,
101,DOCTOR RAMON CARRILLO 616,OK,200.0,5.315560817718506,
102,ECHEANDIA 5527,OK,200.0,5.623395919799805,
103,CARICANCHA 1224,OK,200.0,5.819601535797119,
104,MOM 3150,OK,200.0,4.892935276031494,
105,MURATURE 4651,OK,200.0,7.134445667266846,
106,CONCORDIA 2986,OK,200.0,4.364353179931641,
107,JARAMILLO 3637,OK,200.0,4.587863922119141,
108,AV. RIVADAVIA 9553,OK,200.0,5.956398010253906,
109,PATRON 7475,OK,200.0,5.299668073654175,
110,BALBASTRO 5755,OK,200.0,6.459731101989746,
111,COCHICO 814,OK,200.0,4.735557556152344,
112,DESAGUADERO 3282,OK,200.0,5.1240434646606445,
113,PEREYRA 1640,OK,200.0,7.971020460128784,
114,ZAPIOLA 4756,OK,200.0,4.845928192138672,
115,TERRADA 2915,OK,200.0,4.82490086555481,
116,CARHUE 2770,OK,200.0,4.449245452880859,
117,EL CRIOLLO 1325,OK,200.0,5.096017122268677,
118,MANUEL ARTIGAS 5938,OK,200.0,5.832329988479614,
119,LISANDRO DE LA TORRE 3687,OK,200.0,6.297095775604248,
120,GUALEGUAYCHU 1565,OK,200.0,6.634078741073608,
121,ESPINOSA 3186,OK,200.0,4.469808578491211,
122,AV. SANTA FE 2402,OK,200.0,7.786750793457031,
123,ZAMUDIO 4136,OK,200.0,4.677795886993408,
124,HUMBOLDT 1626,OK,200.0,6.338672399520874,
125,EL SALVADOR 3833,OK,200.0,5.059565305709839,
126,CALIFORNIA 1542,OK,200.0,4.270307540893555,
127,CAÑADA DE GOMEZ 991,OK,200.0,5.6684911251068115,
128,ESNAOLA 658,OK,200.0,6.172666788101196,
129,DELGADO 1001,OK,200.0,4.472578048706055,
130,ALEJANDRO MAGARIÑOS CERVANTES 2572,ERROR,404.0,0.3255743980407715,HTTP 404
131,URUGUAY 813,OK,200.0,12.241208791732788,
132,CIUDAD DE LA PAZ 1866,OK,200.0,5.225026845932007,
133,ARIAS 3441,OK,200.0,5.947587013244629,
134,PAUL GROUSSAC 5618,OK,200.0,5.573387622833252,
135,DONADO 2226,OK,200.0,7.502377033233643,
136,YERBAL 5729,OK,200.0,6.882838249206543,
137,CARHUE 2265,OK,200.0,5.256200313568115,
138,CATULO CASTILLO 2669,OK,200.0,4.635343551635742,
139,RAFAEL HERNANDEZ 2501,OK,200.0,4.24831748008728,
140,DONADO 3908,OK,200.0,5.7454681396484375,
141,SOMELLERA 1052,OK,200.0,5.419729471206665,
142,VICTOR HUGO 2574,OK,200.0,9.385188102722168,
143,CORTINA 2546,OK,200.0,4.654740810394287,
144,RAULIES 1929,OK,200.0,4.92850923538208,
145,COSTA RICA 4646,OK,200.0,9.573639869689941,
146,CALLE SIN NOMBRE OFICIAL 2580,ERROR,404.0,0.3032412528991699,HTTP 404
147,ECHEANDIA 3864,OK,200.0,6.829877138137817,
148,PAUL GROUSSAC 5513,OK,200.0,4.751008033752441,
149,BAZURCO 2389,OK,200.0,8.579010486602783,
150,HELGUERA 5630,OK,200.0,5.653930187225342,
151,BACACAY 5061,OK,200.0,4.963477373123169,
152,CONDE 3117,OK,200.0,7.343760013580322,
153,SANTANDER 2014,OK,200.0,4.655368328094482,
154,CAROLINA MUZILLI 5985,OK,200.0,4.5054261684417725,
155,AGRELO 3820,OK,200.0,5.301265001296997,
156,CORONEL ESTEBAN BONORINO 3588,OK,200.0,5.391660928726196,
157,GABRIELA MISTRAL 3948,OK,200.0,5.336196184158325,
158,CAMPANA 3231,OK,200.0,4.701605558395386,
159,AV. ACOYTE 794,OK,200.0,5.278310775756836,
160,TRES ARROYOS 2376,OK,200.0,4.3525965213775635,
161,DONIZETTI 350,OK,200.0,6.385507822036743,
162,JUAN CARLOS GOMEZ 182,OK,200.0,5.146638631820679,
163,LOS EUCALIPTOS 6784,OK,200.0,6.639872074127197,
164,JACARANDA 1428,OK,200.0,5.183979272842407,
165,AV. ESCALADA 3009,OK,200.0,5.90856146812439,
166,TRES ARROYOS 2965,OK,200.0,5.8166258335113525,
167,CAYASTA 3351,OK,200.0,5.674907207489014,
168,SALCEDO 3352,OK,200.0,5.28964638710022,
169,RAUCH 3924,OK,200.0,11.599100112915039,
170,CONCORDIA 1471,OK,200.0,10.384371757507324,
171,TIERRA DEL FUEGO 2538,OK,200.0,6.245488166809082,
172,AV. CONGRESO 4157,OK,200.0,5.534996747970581,
173,PICO 1617,OK,200.0,7.216475486755371,
174,BAUNESS 2288,OK,200.0,6.437026739120483,
175,TANDIL 3900,OK,200.0,4.69460654258728,
176,GRAL. LUCIO NORBERTO MANSILLA 3201,ERROR,404.0,1.681910514831543,HTTP 404
177,GUTENBERG 2689,OK,200.0,4.945670127868652,
178,AV. SALVADOR MARIA DEL CARRIL 3188,OK,200.0,5.303269624710083,
179,DR. HORACIO CASCO 4437,OK,200.0,5.175945043563843,
180,BAHIA BLANCA 2589,OK,200.0,5.210962533950806,
181,BONPLAND 2288,OK,200.0,10.931054592132568,
182,BOULEVARD OLÍMPICO JOSÉ B. ZUBIAUR 4244,ERROR,404.0,0.28441739082336426,HTTP 404
183,COSQUIN 1146,OK,200.0,7.92563533782959,
184,ROJAS 2086,OK,200.0,7.924346685409546,
185,MANUEL RICARDO TRELLES 1217,OK,200.0,6.197461128234863,
186,AV. OLAZABAL 4884,OK,200.0,8.27614951133728,
187,JOSE P. TAMBORINI 4986,OK,200.0,5.85368800163269,
188,AV. RIVADAVIA 5920,OK,200.0,5.670720100402832,
189,SUPERI 3880,OK,200.0,4.705867290496826,
190,ALEJANDRO MAGARIÑOS CERVANTES 5001,ERROR,404.0,0.280642032623291,HTTP 404
191,LISANDRO DE LA TORRE 564,OK,200.0,8.456069946289062,
192,JOSE P. TAMBORINI 3719,OK,200.0,5.286965847015381,
193,CORONEL MARTINIANO CHILAVERT 5384,OK,200.0,4.977406024932861,
194,PLUMERILLO 3924,OK,200.0,5.056328296661377,
195,SOMELLERA 1739,OK,200.0,5.041752338409424,
196,GRECIA 4326,OK,200.0,4.63437294960022,
197,MANUEL UGARTE 3478,OK,200.0,14.66244101524353,
198,AV. GAONA 4480,OK,200.0,6.774543285369873,
199,MARCOS SASTRE 4285,OK,200.0,5.50091290473938,
200,PIRAN 5745,OK,200.0,4.895749807357788,
201,CALLE SIN NOMBRE OFICIAL 3550,ERROR,404.0,0.2986001968383789,HTTP 404
202,CARLOS CALVO 555,OK,200.0,6.90139365196228,
203,LAFUENTE 639,OK,200.0,6.452367305755615,
204,HUDSON 4436,OK,200.0,5.419538974761963,
205,BOGOTA 3396,OK,200.0,6.89650559425354,
206,SAN PEDRO 7186,OK,200.0,4.586506366729736,
207,VIRREY ARREDONDO 3515,OK,200.0,5.250966548919678,
208,SALVIGNY 1590,OK,200.0,4.955315828323364,
209,TINOGASTA 5120,OK,200.0,7.115034818649292,
210,HUDSON 4615,OK,200.0,5.396384954452515,
211,TINOGASTA 4283,OK,200.0,4.477768898010254,
212,CONDARCO 1297,OK,200.0,6.000409364700317,
213,MARTINIANO LEGUIZAMON 4491,OK,200.0,5.083511590957642,
214,AV. HIPOLITO YRIGOYEN 3400,OK,200.0,8.513168096542358,
215,MOLDES 1163,OK,200.0,5.969071865081787,
216,JUFRE 817,OK,200.0,5.334452867507935,
217,VIRREY OLAGUER Y FELIU 3212,OK,200.0,5.36017370223999,
218,MORON 2785,OK,200.0,4.792714834213257,
219,GURRUCHAGA 2345,OK,200.0,6.325660467147827,
220,ESPARTACO 967,OK,200.0,5.875262975692749,
221,GAVILAN 4274,OK,200.0,5.302336692810059,
222,JUAN CARLOS GOMEZ 222,OK,200.0,5.990615367889404,
223,AV. JUAN B. JUSTO 7849,OK,200.0,6.596720457077026,
224,BAZURCO 2638,OK,200.0,4.37480902671814,
225,CLAY 3064,OK,200.0,6.474533319473267,
226,CACHI 457,OK,200.0,5.904847145080566,
227,BEAUCHEF 1219,OK,200.0,4.910667419433594,
228,THAMES 1717,OK,200.0,6.734448194503784,
229,CHIVILCOY 70,OK,200.0,6.401277303695679,
230,AV. BELGRANO 3512,OK,200.0,13.428910493850708,
231,BERMUDEZ 415,OK,200.0,9.189738035202026,
232,PROFESOR DOCTOR PEDRO CHUTRO 3286,ERROR,404.0,0.3654320240020752,HTTP 404
233,FONROUGE 4342,OK,200.0,5.907231330871582,
234,HORTIGUERA 110,OK,200.0,17.43074345588684,
235,DIRECTORIO 6514,OK,200.0,5.782125949859619,
236,GRAL. DANIEL CERRI 1254,OK,200.0,4.5948121547698975,
237,MORON 3952,OK,200.0,5.400602340698242,
238,DON BOSCO 3957,OK,200.0,7.215914487838745,
239,PEDRO MORAN 2323,OK,200.0,4.901482582092285,
240,AV. URUGUAY 740,OK,200.0,12.960387468338013,
241,SALADILLO 1670,OK,200.0,5.350535154342651,
242,FAMATINA 3369,OK,200.0,7.159606695175171,
243,RONDEAU 2488,OK,200.0,7.850346803665161,
244,CALIFORNIA 787,OK,200.0,4.626792669296265,
245,PICO 4520,OK,200.0,5.2207605838775635,
246,CALLE SIN NOMBRE OFICIAL 4897,ERROR,404.0,0.38045263290405273,HTTP 404
247,LA HAYA 4071,OK,200.0,4.865442752838135,
248,CAÑADA DE GOMEZ 4443,OK,200.0,7.766558408737183,
249,CAMARONES 5049,OK,200.0,5.212291955947876,
250,BALBASTRO 460,OK,200.0,8.873431205749512,
251,JOAQUIN V. GONZALEZ 2320,OK,200.0,7.0516133308410645,
252,CACHIMAYO 1867,OK,200.0,6.181039094924927,
253,AV. GENERAL INDALECIO CHENAUT 1771,ERROR,404.0,0.3080313205718994,HTTP 404
254,AQUINO 4911,OK,200.0,4.446036338806152,
255,14 DE JULIO 175,OK,200.0,6.771101951599121,
256,CARLOS BERG 3574,OK,200.0,8.4992516040802,
257,CACHIMAYO 1231,OK,200.0,6.622404098510742,
258,GENERAL RIVAS 2625,OK,200.0,5.839287757873535,
259,FRAY CAYETANO RODRIGUEZ 760,OK,200.0,6.1266255378723145,
260,PORTUGAL 581,OK,200.0,4.382848024368286,
261,WHITE 463,OK,200.0,5.372729778289795,
262,CERETTI 3207,OK,200.0,4.295693397521973,
263,VENTURA BOSCH 7016,OK,200.0,5.8001134395599365,
264,BELGRANO 4042,OK,200.0,9.638063192367554,
265,SANCHEZ DE LORIA 1721,OK,200.0,6.077218055725098,
266,ROBERTO J. PAYRO 1918,OK,200.0,5.22288179397583,
267,VILLARROEL 1389,OK,200.0,4.4465172290802,
268,BURELA 2662,OK,200.0,4.911582946777344,
269,HUMBERTO 1º 3439,OK,200.0,4.232157468795776,
270,MARIO BRAVO 811,OK,200.0,6.700719833374023,
271,DR. JUAN FELIPE ARANGUREN 3744,OK,200.0,5.3006861209869385,
272,ASUNCION 3095,OK,200.0,4.652689695358276,
273,CRAIG 769,OK,200.0,5.4832444190979,
274,PASCO 1555,OK,200.0,5.1258485317230225,
275,SANTANDER 4149,OK,200.0,5.01967978477478,
276,SERRANO 1284,OK,200.0,6.0321245193481445,
277,AV. PAVON 3919,OK,200.0,5.176764965057373,
278,PALPA 3638,OK,200.0,5.632003307342529,
279,TANDIL 2610,OK,200.0,6.3715479373931885,
280,MANUELA PEDRAZA 3520,OK,200.0,6.8905930519104,
281,AV. ARGENTINA 5456,OK,200.0,5.511679649353027,
282,BAHIA BLANCA 2552,OK,200.0,5.6087119579315186,
283,CARACAS 4860,OK,200.0,4.773248195648193,
284,TRES ARROYOS 2526,OK,200.0,5.182111024856567,
285,TRONADOR 4528,OK,200.0,5.278614044189453,
286,PRINGLES 853,OK,200.0,7.711049556732178,
287,ALTOLAGUIRRE 2793,OK,200.0,6.457245826721191,
288,LA TRILLA 2157,OK,200.0,5.426318168640137,
289,MIRALLA 3364,OK,200.0,4.541710376739502,
290,DR. CARLOS A. GIANANTONIO 3993,OK,200.0,7.165034055709839,
291,MAURE 2334,OK,200.0,5.447362184524536,
292,LARRAZABAL 3227,OK,200.0,4.6195454597473145,
293,AV. GAONA 3869,OK,200.0,5.013437271118164,
294,QUINTINO BOCAYUVA 445,OK,200.0,4.632705926895142,
295,TIMBUES 2085,OK,200.0,4.597656011581421,
296,REPUBLICA BOLIVARIANA DE VENEZUELA 3708,OK,200.0,4.783081769943237,
297,GUALEGUAYCHU 2561,OK,200.0,4.4237024784088135,
298,HAITI 4040,OK,200.0,4.9414427280426025,
299,EL CARPINTERO 6939,OK,200.0,4.624219179153442,
300,RENQUE CURA 1728,OK,200.0,7.108957290649414,
301,SENILLOSA 1834,OK,200.0,4.325029373168945,
302,AV. COMODORO MARTIN RIVADAVIA 1762,OK,200.0,4.377670526504517,
303,MURATURE 5021,OK,200.0,5.247331857681274,
304,CAPDEVILA 2797,OK,200.0,5.401666879653931,
305,AV. SEGUROLA 840,OK,200.0,7.313425540924072,
306,CARLOS CALVO 3150,OK,200.0,5.623962163925171,
307,FONROUGE 3856,OK,200.0,6.915958642959595,
308,ESTADO PLURINACIONAL DE BOLIVIA 1786,OK,200.0,8.462980031967163,
309,OPORTO 6270,OK,200.0,5.832768678665161,
310,BAZURCO 3622,OK,200.0,4.409711599349976,
311,ALGARROBO 1028,OK,200.0,5.722547769546509,
312,ENRIQUE SANTOS DISCEPOLO 1838,ERROR,404.0,1.198477029800415,HTTP 404
313,DESAGUADERO 2865,OK,200.0,4.105961322784424,
314,MADARIAGA 6686,OK,200.0,7.6515724658966064,
315,GIRIBONE 994,OK,200.0,4.819987773895264,
316,ARCOS 4548,OK,200.0,4.106525182723999,
317,VIRGILIO 2351,OK,200.0,4.572610378265381,
318,AV. JOSE MARIA MORENO 1243,OK,200.0,5.481242895126343,
319,AVELINO DIAZ 2176,OK,200.0,4.345400094985962,
320,REPUBLICA ARABE-SIRIA 3208,OK,200.0,5.763798952102661,
321,AZARA 538,OK,200.0,7.026555061340332,
322,BRANDSEN 456,OK,200.0,6.86597466468811,
323,SANTA CATALINA 1545,OK,200.0,5.249024868011475,
324,ISABEL LA CATOLICA 1732,OK,200.0,8.285484075546265,
325,VALLEJOS 4477,OK,200.0,5.043416500091553,
326,ARIAS 3457,OK,200.0,5.714993715286255,
327,LAS CASAS 3511,OK,200.0,5.189549207687378,
328,CAMARONES 5492,OK,200.0,4.518635511398315,
329,VIEYTES 1842,OK,200.0,4.974715709686279,
330,PILAR 1310,OK,200.0,7.270216703414917,
331,URIEN 7281,OK,200.0,5.141472339630127,
332,THORNE 494,OK,200.0,5.174593210220337,
333,JORGE NEWBERY 2843,OK,200.0,5.981958389282227,
334,MARCOS PAZ 3280,OK,200.0,12.866636514663696,
335,NUEVA YORK 3052,OK,200.0,7.78266167640686,
336,FRAY CAYETANO RODRIGUEZ 1065,OK,200.0,5.00635027885437,
337,POLA 2763,OK,200.0,5.393953561782837,
338,JOSE A. TERRY 380,OK,200.0,5.366022825241089,
339,JUAN DE CASTRO 1574,OK,200.0,4.982095956802368,
340,EL MAESTRO 40,OK,200.0,5.620258569717407,
341,LASCANO 5541,OK,200.0,5.053127288818359,
342,AV. CASTAÑARES 2027,OK,200.0,5.235781192779541,
343,SAN JOSE DE CALASANZ 1033,OK,200.0,5.164177417755127,
344,GUATEMALA 4446,OK,200.0,6.431438446044922,
345,RAWSON 217,OK,200.0,9.312886476516724,
346,MOCTEZUMA 909,OK,200.0,6.030605316162109,
347,INGENIERO JOSE ESTEVEZ 2368,OK,200.0,4.317549228668213,
348,HOLMBERG 2065,OK,200.0,4.856147050857544,
349,SALADILLO 1341,OK,200.0,5.008224248886108,
350,CAÑADA DE GOMEZ 4127,OK,200.0,5.687554121017456,
351,CONCORDIA 1328,OK,200.0,5.05532431602478,
352,CASTRO 947,OK,200.0,9.609105587005615,
353,ALEJANDRO MAGARIÑOS CERVANTES 1702,ERROR,404.0,0.29466700553894043,HTTP 404
354,ALEJANDRO MAGARIÑOS CERVANTES 2985,ERROR,404.0,0.7842106819152832,HTTP 404
355,AV. CHICLANA 2831,OK,200.0,6.5901899337768555,
356,DEAN FUNES 1206,OK,200.0,7.866322755813599,
357,FRANCISCO J. ORTIZ 6973,OK,200.0,4.8127617835998535,
358,CASTEX 3296,OK,200.0,5.235096454620361,
359,AV. RIESTRA 6069,OK,200.0,5.574745416641235,
360,DOBLAS 1611,OK,200.0,4.744525909423828,
361,SUNCHALES 610,OK,200.0,4.7042810916900635,
362,AV. VARELA 975,OK,200.0,8.084914684295654,
363,USPALLATA 649,OK,200.0,6.47626256942749,
364,SEVERO GARCIA GRANDE DE ZEQUEIRA 5977,OK,200.0,4.2839577198028564,
365,BEAUCHEF 1108,ERROR,404.0,1.6889832019805908,HTTP 404
366,TEJEDOR 311,OK,200.0,7.753328561782837,
367,ANDRES LAMAS 1909,OK,200.0,5.04366660118103,
368,PARQUE ROBERTO GOYENECHE 3605,OK,200.0,4.587093353271484,
369,GALICIA 2809,OK,200.0,6.0467681884765625,
370,PEDRO LOZANO 4355,OK,200.0,5.030770301818848,
371,PIROVANO 547,OK,200.0,6.73586106300354,
372,BAHIA BLANCA 4747,OK,200.0,5.067586660385132,
373,RIGLOS 386,OK,200.0,4.350614070892334,
374,JUAN AGUSTIN GARCIA 4127,OK,200.0,6.122181177139282,
375,ZAPIOLA 3038,OK,200.0,5.672892808914185,
376,CARLOS CALVO 3234,OK,200.0,4.535650730133057,
377,BAHIA BLANCA 3124,OK,200.0,4.961994647979736,
378,SEVERO GARCIA GRANDE DE ZEQUEIRA 6854,OK,200.0,4.324801921844482,
379,ESCALADA 1442,OK,200.0,8.32375454902649,
380,MARISCAL FRANCISCO SOLANO LOPEZ 2734,ERROR,404.0,0.2632880210876465,HTTP 404
381,CUENCA 4916,OK,200.0,4.938286066055298,
382,LUIS LAGOS GARCIA 961,OK,200.0,5.157276153564453,
383,MEDEYROS 3482,OK,200.0,4.630934715270996,
384,ALMIRANTE DANIEL DE SOLIER 1168,OK,200.0,6.5951292514801025,
385,ROJAS 801,OK,200.0,7.42834210395813,
386,EMILIO MITRE 269,OK,200.0,6.427630424499512,
387,RUFINO JOSE CUERVO 2632,ERROR,404.0,0.4013230800628662,HTTP 404
388,BRAGADO 5426,OK,200.0,5.425978183746338,
389,CORONEL CARDENAS 2269,OK,200.0,5.920581817626953,
390,ESTADO DE PALESTINA 747,OK,200.0,5.089198350906372,
391,BESARES 1982,OK,200.0,6.27104640007019,
392,ENRIQUE OCHOA 1013,OK,200.0,4.978637218475342,
393,POSADAS 1528,OK,200.0,8.440170764923096,
394,ALMIRANTE F. J. SEGUI 308,OK,200.0,5.657499074935913,
395,FRANKLIN D. ROOSEVELT 3236,OK,200.0,4.646375894546509,
396,UNANUE 6026,OK,200.0,4.975649118423462,
397,CRISOSTOMO ALVAREZ 2739,OK,200.0,4.264213562011719,
398,DIAZ COLODRERO 2740,OK,200.0,5.161159992218018,
399,SAN PEDRO 3719,OK,200.0,4.835607528686523,
400,BENITO JUAREZ 1769,OK,200.0,5.951555013656616,
401,LEIVA 4442,OK,200.0,4.7469565868377686,
402,AV. RIESTRA 1251,OK,200.0,5.868265628814697,
403,GASCON 65,OK,200.0,7.4121294021606445,
404,CUENCA 1853,OK,200.0,5.1013922691345215,
405,TEODORO VILARDEBO 1952,OK,200.0,6.298973083496094,
406,SENILLOSA 1596,OK,200.0,5.333081245422363,
407,CONDE 4618,OK,200.0,8.557027101516724,
408,JOSE E. CARBALLIDO 6377,OK,200.0,4.637075901031494,
409,DR. ADOLFO DICKMAN 960,OK,200.0,4.847862482070923,
410,LUZURIAGA 850,OK,200.0,5.706641435623169,
411,PIERES 623,OK,200.0,4.402163743972778,
412,OLIDEN 4064,OK,200.0,5.022732496261597,
413,LAVALLEJA 1342,OK,200.0,4.500966787338257,
414,JOSE ANTONIO CABRERA 3094,OK,200.0,4.582953929901123,
415,BLANCO ENCALADA 1152,OK,200.0,7.978753566741943,
416,VICTOR HUGO 1816,OK,200.0,5.971474885940552,
417,CALLE SIN NOMBRE OFICIAL 3449,ERROR,404.0,0.7213089466094971,HTTP 404
418,LARSEN 2684,OK,200.0,4.171566963195801,
419,ZELADA 5737,OK,200.0,4.273855209350586,
420,SANABRIA 1635,OK,200.0,5.081917762756348,
421,SUPERI 1300,OK,200.0,5.041406869888306,
422,ROBERTO CUNNINGHAME GRAHAM 1170,OK,200.0,4.180081129074097,
423,BARADERO 471,OK,200.0,5.402459383010864,
424,ALMIRANTE ONOFRE BETBEDER 1461,OK,200.0,5.6947736740112305,
425,AGUSTIN DE VEDIA 2648,OK,200.0,4.877888917922974,
426,GONÇALVES DIAS 552,OK,200.0,4.289809703826904,
427,URIARTE 2189,OK,200.0,4.766093969345093,
428,HABANA 4567,OK,200.0,5.225201368331909,
429,BARRAGAN 410,OK,200.0,5.219775676727295,
430,PRESIDENTE QUINTANA 89,OK,200.0,6.103732347488403,
431,CIUDAD DE LA PAZ 1913,OK,200.0,6.270209550857544,
432,AV. DIRECTORIO 3264,OK,200.0,8.04256272315979,
433,GRAL. VENANCIO FLORES 4375,OK,200.0,4.951133966445923,
434,LOS RECUERDOS 455,OK,200.0,7.464189767837524,
435,MAURE 3627,OK,200.0,8.040451049804688,
436,EREZCANO 3082,OK,200.0,4.974234104156494,
437,LISANDRO DE LA TORRE 305,OK,200.0,8.131896018981934,
438,TUCUMAN 3623,OK,200.0,6.698524236679077,
439,AV. RIVADAVIA 10729,OK,200.0,6.236738204956055,
440,SAN PEDRO 7434,OK,200.0,5.89543342590332,
441,TARIJA 4280,OK,200.0,4.700651168823242,
442,BLANCO ENCALADA 4716,OK,200.0,5.55106782913208,
443,PEDRO LOZANO 5965,OK,200.0,5.178104639053345,
444,AV. SALVADOR MARIA DEL CARRIL 2804,OK,200.0,5.063892364501953,
445,GREGORIO DE LAFERRERE 3743,OK,200.0,4.89466667175293,
446,RUIZ DE LOS LLANOS 1006,OK,200.0,4.1347668170928955,
447,AV. TRIUNVIRATO 5824,OK,200.0,5.851193904876709,
448,BOGOTA 2013,OK,200.0,4.669873476028442,
449,CESAR H. BACLE 3884,OK,200.0,5.068042755126953,
450,GARIBALDI 1975,OK,200.0,7.0252625942230225,
451,GALICIA 1113,OK,200.0,5.086382150650024,
452,TIMOTEO GORDILLO 4270,OK,200.0,4.26267409324646,
453,LAVOISIER 3488,OK,200.0,4.319381237030029,
454,UNANUE 5734,OK,200.0,5.099449634552002,
455,THAMES 1603,OK,200.0,5.36798620223999,
456,IBERA 6027,OK,200.0,4.9095518589019775,
457,DONIZETTI 299,OK,200.0,4.936177015304565,
458,DELGADO 1187,OK,200.0,8.215792894363403,
459,AV. CORDOBA 3451,OK,200.0,5.097817420959473,
460,COPENHAGUE 1514,OK,200.0,5.142430543899536,
461,COCHRANE 2975,OK,200.0,4.694549560546875,
462,REMEDIOS 2819,OK,200.0,5.53953218460083,
463,RIO COLORADO 4469,OK,200.0,4.523475885391235,
464,CAPITAN DOMINGO ALEJO MILLAN 3183,ERROR,404.0,0.6530120372772217,HTTP 404
465,FRANCISCO ACUÑA DE FIGUEROA 812,OK,200.0,6.569270849227905,
466,IRALA 15,OK,200.0,5.1063196659088135,
467,ZAPIOLA 3674,OK,200.0,9.850200891494751,
468,SANTOS DUMONT 3721,OK,200.0,5.574845314025879,
469,MARTINIANO LEGUIZAMON 1501,OK,200.0,4.847435235977173,
470,JUAN SEBASTIAN BACH 4373,OK,200.0,4.736337900161743,
471,GUATEMALA 4902,OK,200.0,5.828193187713623,
472,RUIZ DE LOS LLANOS 1252,OK,200.0,4.631759166717529,
473,LARRAYA 1851,OK,200.0,4.814353704452515,
474,ESTOMBA 2445,OK,200.0,5.551657438278198,
475,CAPITAN GENERAL RAMON FREIRE 434,OK,200.0,5.532723665237427,
476,ANGEL JUSTINIANO CARRANZA 1170,OK,200.0,5.15997314453125,
477,LUGONES 2585,OK,200.0,6.499490976333618,
478,BERMUDEZ 1284,OK,200.0,5.956562519073486,
479,COSQUIN 4167,OK,200.0,4.450254917144775,
480,CALIFORNIA 2865,OK,200.0,4.546317100524902,
481,GARCIA DEL RIO 3470,OK,200.0,4.740015983581543,
482,TEODORO VILARDEBO 1834,OK,200.0,4.784708261489868,
483,BIARRITZ 2387,OK,200.0,5.475012540817261,
484,AGUIRRE 1501,ERROR,404.0,2.2386343479156494,HTTP 404
485,TRONADOR 2435,OK,200.0,4.455160617828369,
486,JOAQUIN V. GONZALEZ 252,OK,200.0,8.333079814910889,
487,JUANA DE ARCO 2565,OK,200.0,4.63991641998291,
488,SAN NICOLAS 3556,OK,200.0,5.093791484832764,
489,AV. GAONA 4925,OK,200.0,5.039476633071899,
490,MONROE 847,OK,200.0,5.46043848991394,
491,AV. DOCTOR RICARDO BALBIN 3213,OK,200.0,10.197412490844727,
492,EDUARDO ACEVEDO 52,OK,200.0,6.321434259414673,
493,SANTO DOMINGO 2431,OK,200.0,5.492492198944092,
494,ARISTOBULO DEL VALLE 1582,OK,200.0,7.814278841018677,
495,DR. DOMINGO CABRED 7321,ERROR,404.0,0.29053616523742676,HTTP 404
496,SANTO TOME 5191,OK,200.0,5.839662075042725,
497,AIZPURUA 3044,OK,200.0,4.834383249282837,
498,AV. ALVAREZ JONTE 3172,OK,200.0,6.035637617111206,
499,TERRADA 4784,OK,200.0,5.298851728439331,
500,FRANCO 3192,OK,200.0,4.513868808746338,
